{"cameraMode":{"drawMode":0,"name":"Shaded","section":"Shading Mode"},"sceneLighting":false,"audioPlay":false,"sceneViewState":{"showFog":true,"showMaterialUpdate":false,"showSkybox":true,"showFlares":true,"showImageEffects":true,"showParticleSystems":true},"in2DMode":false,"pivot":{"x":9.850741386413575,"y":-7.485566139221191,"z":16.76323890686035},"rotation":{"x":0.2871638238430023,"y":-0.01969512552022934,"z":0.006088618654757738,"w":0.9577398896217346},"size":19.871610641479493,"orthographic":false}