{"cameraMode":{"drawMode":0,"name":"Shaded","section":"Shading Mode"},"sceneLighting":false,"audioPlay":false,"sceneViewState":{"showFog":true,"showMaterialUpdate":false,"showSkybox":true,"showFlares":true,"showImageEffects":true,"showParticleSystems":true},"in2DMode":false,"pivot":{"x":9.001803398132325,"y":0.9163700938224793,"z":8.601127624511719},"rotation":{"x":0.45536425709724429,"y":-0.015016203746199608,"z":0.007948508486151696,"w":0.8902542591094971},"size":15.462386131286621,"orthographic":false}