{"cameraMode":{"drawMode":0,"name":"Shaded","section":"Shading Mode"},"sceneLighting":false,"audioPlay":false,"sceneViewState":{"showFog":true,"showMaterialUpdate":false,"showSkybox":true,"showFlares":true,"showImageEffects":true,"showParticleSystems":true},"in2DMode":false,"pivot":{"x":398.9541320800781,"y":224.611083984375,"z":-0.22651195526123048},"rotation":{"x":-0.06173233315348625,"y":-0.03532832860946655,"z":0.002194088650867343,"w":-0.9974786043167114},"size":1.290158748626709,"orthographic":false}