{"cameraMode":{"drawMode":0,"name":"Shaded","section":"Shading Mode"},"sceneLighting":false,"audioPlay":false,"sceneViewState":{"showFog":true,"showMaterialUpdate":false,"showSkybox":true,"showFlares":true,"showImageEffects":true,"showParticleSystems":true},"in2DMode":false,"pivot":{"x":-46.76356506347656,"y":-3.558929443359375,"z":353.09368896484377},"rotation":{"x":-0.1776801198720932,"y":0.1824662983417511,"z":-0.03351164236664772,"w":-0.9664588570594788},"size":796.8977661132813,"orthographic":false}