{"cameraMode":{"drawMode":0,"name":"Shaded","section":"Shading Mode"},"sceneLighting":false,"audioPlay":false,"sceneViewState":{"showFog":true,"showMaterialUpdate":false,"showSkybox":true,"showFlares":true,"showImageEffects":true,"showParticleSystems":true},"in2DMode":false,"pivot":{"x":29.610488891601564,"y":-38.792476654052737,"z":451.4195251464844},"rotation":{"x":-0.09155838936567307,"y":-0.051661550998687747,"z":0.00476518040522933,"w":-0.9944626688957214},"size":629.9049072265625,"orthographic":false}